<?xml version="1.0" encoding="UTF-8"?>

<configuration>
	<property resource="application.properties" />
	
	<appender name="FILE" class="ch.qos.logback.core.rolling.RollingFileAppender">
    <file>${rdpfilepath}/rdp.log</file>
    <rollingPolicy class="ch.qos.logback.core.rolling.TimeBasedRollingPolicy">
      <!-- daily rollover -->
      <fileNamePattern>${rdpfilepath}/rdp.%d{yyyy-MM-dd}.log</fileNamePattern>

      <!-- keep 30 days' worth of history capped at 3GB total size -->
      <maxHistory>30</maxHistory>
      <totalSizeCap>3GB</totalSizeCap>

    </rollingPolicy>

    <encoder>
      <pattern>%-4relative [%thread] %-5level %logger{35} - %msg%n</pattern>
    </encoder>
  </appender> 

	<appender name="STDOUT" class="ch.qos.logback.core.ConsoleAppender">
		<encoder>
			<pattern>%msg%n</pattern>
		</encoder>
	</appender>

	<root level="info">
		<appender-ref ref="FILE" />
		<appender-ref ref="STDOUT" />
	</root>
</configuration>